case_id	ENSG00000168394.10	ENSG00000091656.14	ENSG00000138755.5	ENSG00000166147.12	ENSG00000050628.19
b127b826-fab9-4551-9300-efb5542621d3	31.4841	0.3303	16.0742	6.2684	1.4493
848d4e80-9658-4f99-bcdb-e3f7275bb72d	7.1429	0.2193	6.9277	4.4783	1.0433
f169018a-e95d-4f32-a807-da64ea3b83e2	0.9916	0.0443	0.1343	0.9984	0.1949
085fbb0b-0924-4c26-a240-94b13d1742b6	17.7081	0.2221	5.249	6.9007	1.5739
36079a28-dfac-435d-a2f0-e00f653494bd	16.2959	0.2812	42.8376	4.33	2.0474
99d74447-9236-438c-8543-e876b4daa8bf	134.4708	0.8173	54.9422	0.7434	0.1466
c2126c09-0465-43c1-bae1-a50e83d5f7d0	26.1354	0.2239	56.3802	6.9124	1.084
d8919e26-2ca9-4d13-99b0-9fe03b41ab56	99.5609	0.2963	77.3836	3.195	1.7053
14cca285-5fbb-45c8-bbd3-3a901154a1e3	44.8236	0.0924	41.8919	2.5899	0.7122
6223da27-571c-4ace-80d7-9245693382f3	50.5816	0.2548	158.5286	2.2482	1.7114
11ed8b7d-2483-4b5e-9893-3376d1d49672	31.872	0.2633	32.2272	0.834	2.4547
1c545cda-2a3a-41bd-9f99-e3712e31ecdd	13.9185	0.3549	13.0638	3.233	1.0799
01026cf5-8582-4864-8e89-111c05660eb6	17.9113	0.1696	10.6958	1.1598	0.7201
fb3f8ed1-cc6f-406b-8b3d-a5eeff0b4196	26.3023	0.2739	14.155	4.2338	1.908
0f277939-aad8-48c8-9653-37c08ec8b021	23.1603	0.1043	0.8293	0.5349	1.6478
53c60788-10b1-4ba1-afdd-63376587b7cb	155.6407	0.0024	196.7516	0.1498	0.0752
68f99d2b-5a98-4cd8-8192-5f36fab4221b	20.6312	0.4884	5.4147	9.5352	1.621
df907ef8-3c26-4c50-8a87-ee8290296117	8.5801	0.0484	2.1403	0.8487	0.1224
206fc122-71e4-4601-8841-ffe3843636d1	21.9251	0.0206	102.7244	0.9652	0.2592
b9337dee-3bdb-49b2-90e4-97249e30418d	35.5561	0.0776	17.3718	0.4993	0.3348
13546f31-27a6-4549-8165-126c7d847c2a	11.0478	0.1676	1.7058	2.0817	0.1816
de970d08-9907-464c-8175-47f6d2be62e0	36.0341	0.0613	34.6228	2.6757	1.885
0f875052-cf76-45f2-9c76-021ee605479d	25.5977	0.2349	44.3637	3.3195	0.5016
faf8cebd-72ad-4da2-b55e-73cddd8dafff	19.0077	0.3674	29.4046	2.8615	1.5992
b295d458-952a-42af-9f7f-2c07e895990c	66.8481	0.1738	3.4357	2.053	0.5221
718dff52-0d0b-48d6-89c1-cf594a6ab883	52.6759	0.318	49.6986	3.6459	0.2396
7e06a271-ede9-40dc-a5f1-6eebaa82de8b	15.0596	0.8837	13.0401	10.6377	2.2397
26e77e24-e20c-4b17-b038-e33663d72056	49.838	0.5566	19.0575	6.4661	1.9397
420d40ba-e71a-495f-a5fa-7bd1b9a7dcc7	5.7306	0.0696	0.5691	1.493	0.1777
b5327171-0105-403e-9b91-125eecb02389	13.0191	0.2934	6.6197	2.8786	0.4647
2c8ff3ae-ef06-4e3c-b198-fb8f57ebbd61	14.7606	2.4757	18.5875	11.9854	2.0071
aa6ca4cf-aad7-48d5-855b-3aff763ff527	75.9633	0.0812	33.16	2.0052	0.2024
742033a6-ba74-4871-9046-14972d6676e4	6.5143	0.5965	1.5697	5.981	0.5533
52e4305e-1ff0-4a92-a38a-136696eb8968	44.3556	0.019	17.5236	0.4488	0.0486
a2319490-b85d-4219-a1b0-fa1ec432d5c8	41.1344049959	0.0449940706810999	85.67015564180001	1.2471307269	0.0960998398473
a2319490-b85d-4219-a1b0-fa1ec432d5c8	5.42097552316	0.511057952509	0.889244128851	9.06661285139	0.692096248231
65435f50-a35d-49e3-a36e-b95d9e274ca0	48.0697107982	0.122356869724	2.80667028227	1.22132631549	0.137357272769
49bfd0fe-48ce-49db-9f76-ce2310410950	10.2370453169	1.68787048898	0.993567772216	9.62259108489	0.373942661894
f6ebf3a7-31c6-4f4c-9a0b-74cf35bfedf6	38.1069272963	0.0366952909755	166.408190588	1.7120959433200005	1.06978300194
062982f8-9f49-425a-99e9-008af5ed9040	17.7728100548	1.20215341466	18.7129176281	28.2382713664	2.9146574973500003
92badeb5-a50e-4a62-a67e-6a8a59c948ab	8.11231041791	0.0965163446943	1.49355061464	0.962055049403	0.334154027636
29dccd25-4c4a-463b-a353-38a193337f38	15.6790039136	0.846720714549	9.64256956677	4.23045884296	3.71045813899
afd92922-b8dc-48bd-a9c0-bc8d95855eb7	20.9384407108	0.869512289334	2.5331557522	0.660517908482	0.101527213567
b45c543a-40d9-423a-a7fa-98e4b325b487	14.1838197607	0.484941359968	8.25251252098	5.91208792297	1.6362763326700005
3e8a51bf-7e1f-4eab-af83-3c60d04db1bf	35.9905130796	0.0493226367243	10.9422674595	1.3877596703	0.12023063332
36595b52-2b5f-4e87-80eb-37c29109e92a	118.020768713	0.1457320042439999	154.54964462	0.3919470126179999	0.306482927665
708eec28-2348-4e15-b98c-8c6f9d057b1e	43.14679260649999	0.827498230777	14.1035743315	3.15548586847	0.4632294130659999
7248cd60-be22-44bc-bc58-f644db0940a2	5.140881369200001	0.227114813541	0.0949104928346	0.242126083203	0.123925396425
7248cd60-be22-44bc-bc58-f644db0940a2	23.6394398123	0.10981066789	6.6467959181400005	0.286626784027	0.158018820929
6fee41dc-b8a9-4347-8085-b7e05f813ad0	19.0637242699	0.0686045781435	7.07733794627	4.021423742930001	0.7656956900890001
0740321b-f8a5-4e1d-b390-ca6187598fac	14.2378214364	0.0173056244030999	1.56543015116	0.529184482119	31.483931725700003
7dcc809b-e33a-4453-b92a-c00786f48cb0	28.5870484629	0.0904914078642999	7.907534141339999	0.674679066677	3.01079326416
ad2939e6-b8b8-475a-90e2-6a369c3d3167	29.9352921349	0.266361747578	4.76679242657	7.832570002969999	5.02234567191
62379be5-13f0-474b-94d3-6f944ec4ee96	7.11197963553	0.675749878511	2.15782132447	1.52101946938	0.674247023864
8449955f-42d9-46f6-919a-5cc5d59e6284	9.5530350292	0.673114703313	0.8627696658849999	5.09397866379	0.345576606391
19427350-619b-4b9c-a3ba-37f667bb2843	16.063172145899998	0.0347681318736	3.37968110259	0.7588366297939999	0.942490868908
05ba5839-e00a-4a9e-8ba3-ecb490781e62	12.9158456626	1.10586950805	4.21069905241	8.83704545707	1.6748028818599998
d7b3156d-672a-4a55-868d-9ca6a09fcb0f	17.6165004933	0.129671506656	2.25144032527	0.7211851413339999	0.338817492161
ed21615c-0de3-421c-9e8d-8996026c4431	29.7726541742	0.0879463226283	1.2557386789	1.03517811402	1.94234459896
5d1a54fe-e0df-4c17-b623-b649a136dc82	10.1980193967	0.408782656072	3.93445373706	4.72368558362	2.04505101333
23771dab-2aab-4d2b-95e2-9af7092cee6b	20.9800961336	0.0222047861249	2.02191595934	0.152884868582	0.0481130536194
32960bc7-839a-42c5-9460-3917fa578ffc	9.77749551552	0.1823539826579999	2.31670752085	1.40315921421	0.136881666108
bdd792e7-d75f-4aa3-b38e-f0708e112075	25.0651496111	1.48446004151	5.31878832461	12.3141225375	3.3743679987299995
0c1a2e7d-e7e4-481e-a012-ef214c444497	5.268528579719999	0.0684410338474	0.0820124807474999	0.27989561842	0.00258657869457
dac96910-0cb2-44ea-b108-2d6d51b07112	28.9542522242	0.0120625771892999	7.23654916989	0.751690424263	0.05180735071
c6ede8ae-881c-47a0-a0ef-745ed4b7764a	60.1613248711	0.143972392185	11.797786836199998	1.66706573635	0.754801718693
378f7ea2-86b4-4072-80b8-e12d67193106	59.5492151353	0.0370176951433	2.42209211142	0.259610880271	0.577937950521
de548bdd-14ca-486b-bd16-a6fbdd5b50d2	20.8966658789	0.454247167771	10.2387713674	2.5499877848400003	0.347299379345
9af2248a-d86a-4277-93b4-8eba5a39bd3c	13.8458389327	0.3566622960939999	0.7317011614040001	3.36103042569	0.142487104566
756f6768-e69a-4fe9-aa41-7c58aabe4577	14.1153357129	0.2220429758	0.578663234825	3.4887061796	0.697106594893
fbb45305-de8d-4baf-8bd0-047b29c2e9d9	30.3327703501	0.301387329223	33.2969756896	0.8935309172560001	1.57360565523
f58e49fc-9641-4b46-be4c-766445ec70a3	91.382025472	0.0922829052701	42.9923947569	2.07898056228	0.718503815419
47681e4b-01e8-4779-b966-ce57aff4b712	18.2304970833	0.143636040352	1.64468508394	3.65222448267	0.252095312358
bc4bc342-20bf-40c3-af26-2c6f942da93d	63.6771828469	0.118659867973	8.152192768839999	1.7792059379700005	0.340392238343
61feee94-3ac9-42fe-aaa3-dc6a3efe563c	51.1138073865	0.250373350067	40.7054340657	3.6864080966	0.854158150062
b8023162-5e82-40e6-ad8c-8acf81821f01	9.52405489124	0.329285578161	0.0669308884111	0.902276895153	0.0712436422277
2517ca7a-6057-4c19-b7e1-f6d078e9881a	44.6750908824	2.28785850102	20.1476932284	1.03953613171	3.76504045367
6ad8bc89-d8e9-48c2-bc25-c8e51f972b4d	11.1556182473	0.0927292880511	2.87669437792	1.33079732303	0.219615331243
8fac8e40-beac-4059-9d54-7ee530598cfd	13.715346921400002	1.28197809216	16.4894322446	9.4757526798	1.29394361805
184aac07-44c1-47f1-8adf-50acbcc1762c	2.75917875926	0.0535516565634	0.6968022864210001	1.30413684301	0.0427219999167
58427bce-6b81-4083-aeda-25f59e292bbc	11.9656448335	0.229130523368	18.7885626432	1.5364662016	0.0160153922624
a782352e-c4bb-4c3e-ba82-456a47c3689a	50.2725006257	0.0115921671469	5.35532835513	0.0993119759313999	0.207221546294
1858b58f-fdf4-413c-9c29-96ae85b88a74	13.0780926944	2.85321762306	18.5694624963	10.4966051012	0.382684259378
cbc7f427-5f7b-4267-ad56-055d8880a4cc	19.9538749347	0.0594920229861999	10.9694100925	0.307700225347	0.560174888707
97ad0360-3be4-401a-a94c-7f2800a1b519	6.38485182514	1.24183390067	1.21195870981	9.73118414179	1.7752592636099995
700e91bb-d675-41b2-bbbd-935767c7b447	34.4547510344	0.316772998257	10.2226585426	1.71782040437	0.6092961147
76cc2d21-eebc-4f09-9bc7-dbf7af0aafa8	12.795824264	0.632041632369	0.952757485255	2.2170071758	0.170732204831
63c6a89b-b28c-434a-a632-5de6545db731	41.060206025700005	0.0286588340854	0.608050262103	1.41145133208	0.0671202045831999
e43d3769-e25f-4fb7-9080-ea26defaf094	25.1177237951	0.181909020083	17.038323801500002	0.7193996586229999	0.163181493062
c3e443b9-5dc5-4793-91e3-534f21485268	29.9806599457	0.199067491111	6.26147177151	3.12965040316	0.509289418884
21f6bf91-dfc6-4a59-8b76-88a0f95c7b47	8.1518404745	0.105811011187	0.8581987424699999	0.217082916998	0.0773786180072
219f54ef-4235-482d-b799-f2fa9930105c	13.0841020434	0.1637115501229999	4.01006085008	1.75387828499	0.0196511330251
60cce7ac-d27d-44a6-9873-ecf91da5e906	48.553417625600005	0.239525339875	14.5343390344	0.707886425844	0.147646699339
29949b65-2913-4c86-bbd7-b85c5df6f15e	25.083797893200003	0.056543624323	2.415929531	1.48331495021	0.178672112391
90f4b65c-cfd4-4066-a5b9-842885c172e2	7.756835273019999	0.0893058157361999	0.4594218795629999	0.762471214294	0.176680055674
2038fd65-d8f1-4b16-af90-b1c8f9a379a7	37.2586397321	0.073855128771	2.40748778845	0.547324969568	0.0378445473947
07fbdb3c-8337-4319-8255-f2363f8a031e	7.865937295660001	0.0716312721903999	2.82855470338	0.899938454761	0.435167515344
f0c353fd-947c-41e2-b643-3ecc0d69796c	3.0687336486400003	0.0229958556761999	1.12638568838	1.09334359359	0.126643963693
a3898640-0d85-441d-a000-b5b8ff857399	43.1637614726	0.110427215102	27.5190961943	1.39384384787	0.221087616608
7e89e67a-6376-41ee-8022-e9445e3fbfc7	21.2316	0.1099	1.9783	1.0332	0.2935
9d33308f-f7cc-420e-9116-b9a95068d045	17.8443	0.3238	2.5762	2.5894	1.2574
f76d41a1-6a21-4641-a5b3-3e008f009d80	16.9049	0.4526	0.7671	2.5277	0.3629
7d7fba6d-9bbb-44a6-b91c-ca97277e49b2	13.7157	0.4453	9.117	5.1445	1.022
c6006435-8e68-4d7f-9d6b-ebac520c1361	6.7213	0.2357	6.0562	2.3474	0.1326
1fe09e41-2ce0-4e8f-a05b-868afa54247d	26.3061	0.0228	1.4851	0.4424	0.2736
1521ff7d-3781-439d-a4af-3acd83734b3b	9.3602	1.1854	8.6228	20.888	5.7607
c3a430fe-641e-4b7b-884e-9735908692d6	18.8901	0.012	7.3956	0.6826	0.2302
f502e00b-e025-481b-9593-a6f7b363b63b	19.7461	0.3553	21.4492	9.8434	0.7909
ef5e85cf-2d82-4d52-a02c-fed5c76e4cec	118.02142658	0.0551220450242	116.026344164	2.26514439636	0.160961043254
dc5a6ce7-01e5-408d-812e-e3e0ddc1cde5	41.6386665968	0.038272688942	0.780608331927	0.515291615615	0.0524783717778
872d2922-7292-4681-adb7-d3b267eccbe7	5.05701905153	0.7328509114949999	3.83400647607	1.42452126529	0.390138518174
7e01f23a-0b0e-46a2-9f30-c3a9d2c779d2	16.0288999026	1.17323729726	42.3907072782	2.62271457883	0.6433658203320001
bc84c5c5-1785-4edd-b732-8987f862063e	2.87925256751	0.1413676339	0.341020576302	1.1491071702	0.120030198906
e20ea417-7296-4da8-9fdb-71cd1f45153a	2.5627854735900004	0.0784352609465	2.06384406843	1.4892126204499998	0.602559023575
e978a457-92ff-4eab-b759-ec6e74d973e8	25.8633822161	0.0711778170993	4.79385520611	1.29707076337	0.0626548025608
7413c891-f74e-456f-bc70-69c83fb53c70	16.6040638835	0.0570383878213	4.9184233844300005	1.04332581326	0.239574592002
533f5ff9-466c-4cdb-9c46-b841c2626775	18.2622333671	1.07874404347	26.953964798	11.6176615477	2.44170673444
2cb82948-7cbe-4b6c-8414-c02f662de2d0	59.4575946484	0.098465568326	1.57769668208	4.42246275611	0.3790970625159999
7f9031da-124a-4a38-83e6-878a50e58c24	11.6172733121	1.30159300278	0.257722342911	18.4444900473	1.45054682744
b3511675-fd68-4745-8020-e290ca0fd115	13.1133126948	0.0345112172230999	3.935195074040001	1.21283866612	0.380123914723
e294b940-2828-499c-be24-47ef6c2e9035	8.098723591819999	0.0587058661364999	0.0698393343129	2.30902139897	0.0148678993072999
2ee36d9d-128b-4761-aa1a-a637da106f3d	10.9719817518	0.174836048857	0.503344051431	3.19751298514	0.7338528069660001
cbe3309e-9b7b-4f62-87b5-0f5ed4218ada	11.5082375278	0.0514331585773	1.60147206535	2.18975446591	0.2390196107599999
f9f44f86-10c7-4473-b156-5afbfa9a2ad0	10.3255933998	0.0958312129572	8.03469174872	1.2170987787	0.690422540864
9e7d3dea-5d81-4f10-819c-1c2a68ddd150	17.1791033201	0.950165739659	3.35685014886	16.1538780026	1.76045804285
9446e349-71e6-455a-aa8f-53ec96597146	29.7224311919	0.079313530095	0.536645239078	1.76808771024	0.1035039214839999
b4225c44-b9b6-46c5-aabf-7b0d9a9fe20b	24.3619947788	0.130727972484	9.01669723534	1.50065853062	0.180865171974
d7925dfc-18ce-46ab-a47b-9d06eacc96d0	34.0637342262	1.12948407954	32.9677427027	9.671086224760002	1.50021868182
f9793a4b-c0e7-4475-bf80-69543b7ee2f6	12.372487008499998	0.444647038561	1.01316577543	0.611648339233	0.0652507593895
b0585c7a-7205-4dac-9d54-6da89674accb	39.9018484575	0.0350533297699	105.440797185	1.04243603538	0.134437018386
ef653772-e5d2-46ec-8610-f81d75d7353c	16.3207794381	1.81457737089	10.1917982974	2.34341023073	0.0465958667618
9c6f433a-ca9e-4590-8a7b-6ddb69cc1398	3.798	1.1185	0.9963	2.0881	0.497
46bab896-cce4-40d2-aee9-006234ec03e2	23.6293	0.0126	31.1418	1.0209	0.2707
296336a2-8f88-4a26-8c34-7cdf22dd8f9c	19.0248	0.0654	45.3143	1.0583	0.1772
426aede7-3fc5-4cf8-9d24-735da96402e9	21.3561	0.1715	1.5204	1.5864	0.0809
38bb0083-a307-4cc7-b15b-581f6c678482	20.4409	0.8164	11.0449	8.9314	2.4958
1e4cce58-5a8e-4bc7-98ac-2daad7721a6b	15.4909	0.1282	4.7559	2.9786	0.4358
aa529cf5-9837-495d-9d5d-6c81460cbac1	29.2369	0.1769	11.5733	2.9651	1.711
8a44e623-e199-445f-96de-0e7a5c336a1b	17.2689	0.3313	1.3004	0.7492	0.786
2e174f9b-290f-444f-b16e-530085416b13	4.1068	0.5218	0.6224	1.6674	0.1148
35e72ed7-d7a0-4720-af25-ad4336fa7d89	35.3626	0.1928	3.6045	1.7067	1.3688
d7e3db60-1891-494b-81cb-5412cab99f5d	13.0147	0.4019	9.0758	3.1653	0.5805
af7b9ab4-fe96-43be-ac63-0721d3689fe2	19.7528	0.155	96.2325	5.9907	0.914
6b343732-324e-49a8-bdcb-71c5e4bc6936	21.8755	0.0269	1.5562	1.2871	0.0318
116115d7-9ebb-4830-86ff-1daf3a0da9f0	33.2544	0.2605	44.9475	4.4698	1.7609
e7e2597f-c6a3-4bdc-9daa-d17fc8ab9f76	21.4911	0.2996	9.5511	3.4606	0.2682
dc8e3901-b845-4419-8f76-d31750eacf60	39.3099	0.3172	16.9546	5.4828	1.7866
cbbd64b3-258c-4639-9462-d1b08f4ffc25	15.5673	0.2793	14.5223	4.1302	2.4288
cee465f1-3162-49de-ba8c-29b2f989a7bb	20.9737	2.4523	75.0598	17.0112	4.5772
7cee15a6-0f80-42c8-9120-322226def3fc	23.1534	1.1519	3.3702	13.4165	1.1728
0bb7be19-e7c9-46f2-b1b3-f83f3b213475	62.4366	0.7444	38.546	28.0259	1.4712
a7deae0d-38d2-46e4-a90b-f79f57fd2808	5.4923	2.2805	6.3067	10.5563	0.1207
8beaf23a-9e0e-4fc1-b604-5de8c857fbd9	36.7559	0.0851	10.4839	2.0586	0.7754
caf0bcda-98b4-4ef9-a1b5-10f7a95e08fc	39.8961	0.4341	10.1253	3.0237	1.8725
9d4c57e1-fdca-431e-b628-36a9a16f698d	4.8965	0.2037	3.799	5.0142	0.1806
8eee2518-57c0-4ee8-b72d-49c3187d7e1a	127.9192	0.0246	187.525	1.3184	0.4671
fc1c474a-93d1-4faf-9180-cb4136043ef9	17.5007	2.2774	14.3005	7.7434	0.5669
485a9225-48b0-4f4e-a59a-299046e2e992	4.2236	0.037	4.6611	0.2753	0.1018
efc15407-78da-4c08-9fbf-2b02c17894b4	52.4136	0.3888	24.8265	1.3668	0.0351
5e18b17d-4626-4b6d-8ac6-e560cee0376c	13.8593096745	0.0560714115063	0.0813248292637	0.615720040546	0.0182242252626
55153632-1673-487a-85c0-f156377db1fc	12.6954553394	0.0627063907918	2.8936710796	0.3638782695899999	0.254145045783
b867e933-e3e3-4491-9bb6-b18c48d6f173	18.6976283071	1.11735433785	1.5611866471399998	14.6457305078	0.736511558784
4a2ca7b8-729d-4fab-a6f3-a5d1e5d1f4f3	10.1279644337	0.506892735206	6.655648308330001	5.56009661162	1.95108066193
d0673efd-3315-4dd5-8ab6-912bfa07dceb	0.953644431487	0.0326755881602	0.967622611634	0.245474151735	0.0732424726235
6fb71a0c-bc50-48c8-acfa-db94be1e151a	25.7710790818	0.238645489581	2.7055227253400003	6.71969484665	0.835798088787
07a859fc-6f78-4905-9035-90e2403dbe8d	19.7274596359	0.483379081395	39.8566894868	8.2266243674	1.10616128187
f8a5547f-f1bc-4c01-8b68-25b5ee0caeab	1.65584279727	0.0359236646793	0.0199035034551	1.1423142526	0.0414304081036
758e6b52-062e-4ca0-84d1-ea38477414ac	59.7625857161	0.141649503226	18.4769481479	2.8898879077599995	0.093321601061
8a98a6e6-b763-4824-858b-fd2738e6c9a3	24.1620672103	0.0489519978897	4.34401637186	0.533310076508	0.863012524732
58f5a54e-de50-4cca-afa1-cc331d8b3479	14.124603071	0.633077731295	7.000626694219999	9.53505074943	0.988799471755
13319c20-02f6-4b5f-b24f-3d8f4084094c	8.19724917414	0.54426534185	4.1041849124	4.01434670715	1.06025465618
196f4600-b6c9-4652-9f77-65c92883f8c1	66.1244008356	0.619150269299	79.7197333554	2.42148107656	0.343493020733
14c58def-60ee-48e0-a74b-da4eb77ef344	26.0792138205	0.0393565201858	0.456011359342	0.928283959235	0.147712322394
c9e28934-8379-4511-817c-d787f2c4ca3a	5.86762254118	0.320116978222	2.7151527641900004	5.03032421654	0.985388572556
a85f6f9c-1e1d-44fc-85eb-3b2d96cfbc61	75.69749162640001	0.206726220579	26.3580757033	1.16096766868	0.515544142906
82093ed9-a3c8-4e34-931f-4ec7ae745711	19.6620293202	0.129685835786	10.2247626877	1.82637662747	0.792996185827
05263959-c4f5-4540-b6d2-d8c8a128861f	85.7730644146	0.183949453375	17.6456502748	1.47699750255	1.2408897141500002
02594e5e-8751-47c1-9245-90c66984b665	90.8395752482	0.03493805975	1.99649358632	1.44710976861	0.185330376109
6746533a-8d0b-4ebc-87ec-49c8738121a8	1.93812751688	0.425576165878	0.0313174962665	2.00296228598	0.00888945817573
206ce0ed-36a4-47ab-ac8e-f6fca6ac5c18	14.2167805082	0.2118607639599999	2.99559803191	2.60605220542	0.4929648994359999
ef57bc45-858f-4d4e-8407-b7eadfa43be5	18.7230066966	0.160913233541	3.62745190139	1.69585243741	0.8466016868970001
6f25001a-f890-4fd0-a994-e62a9ea5c6f3	50.7507893851	0.233142694672	48.8149749498	2.8918707238200003	0.964109227356
ebe677e6-94b6-45be-a58d-eaae4cf63d12	11.9881289277	0.63590243775	27.0925938968	7.22703713356	1.3763050340799998
914f84bf-578b-4f4d-93cb-378228ea58f6	11.9852533407	0.702432551693	6.0219847565	8.36326091194	1.74262392146
6a1be87b-c4e0-4fd4-b050-50a245b22038	21.4123935789	0.0926345863517	1.12131124037	1.47902883209	0.0344090513646
c183d3fb-2eee-44f8-890e-b9bf907141e6	21.057345595	0.255368734324	0.167664289465	0.259784106026	0.0247475478742
5c127332-5ca0-45f1-a5ac-4876ad94e491	19.0356920246	0.108325971544	3.08840076384	0.722635983398	0.0426762480025
390eed6b-50af-48a9-9fd6-3a68a2bbb7f9	13.1539089115	0.0978179449524	0.0409774818178	0.590864816919	0.0426486170789
33dc48d8-2e01-482b-944c-ac10da727ec9	17.1016632325	0.249094330293	7.033084496939999	11.05862247	1.01345828317
6b2a9f9a-fe96-4311-a330-925c4ad36fe7	11.7795224906	1.6115664608000002	0.358645037848	0.8140430103	0.1282974575879999
fe402983-70da-44db-b7b1-c32702ddde26	9.96598543555	0.4187177397469999	10.312906985	5.24754052767	0.476317997347
e1158102-06f2-47bb-9fe0-49b57f070755	128.117408825	0.179187245744	308.328535538	8.22638072023	0.878101209674
59b3fbfe-0b7c-41e5-b756-ee7e23730df5	44.2555329085	0.0598035622515	62.7357063962	0.919078280608	0.151386211071
5d7027f5-60a0-47ab-a79d-667c9acc0e54	7.76950605123	0.0471129885009	1.95661616806	0.466118426806	0.048611350406
b7715ff6-57a6-4513-9447-aa8bc93f16d4	10.3786006151	0.216069298526	1.8069563948900005	1.4708479828	1.25905973062
7c466a5f-a6b4-4d1a-a0f5-ddcd7ef90ff1	14.7584879265	1.01589449137	2.8331902409900005	2.89965757737	0.4806711814159999
15f1a992-0724-4d76-a71a-702ac7753a41	9.30850899524	0.0662305778503	0.820525295354	1.09361098429	0.0705775032811
838693d5-1ae0-4d75-834b-e1b89b96b0ed	43.349391258900006	0.5323141653819999	15.0028784298	13.283514279	0.966394226555
774ce281-96b2-467a-9170-079797ee10f7	18.4234223584	0.251248487756	0.582413240921	0.130733593329	0.00110951512805
f8e9d538-7291-4fe7-b3f2-d01676a027f9	5.16778155956	0.0928611817382	0.393812748831	1.1860981719	0.0447134334113
9bbc01b4-056c-4ddc-aca4-ff20718646d0	15.5550006532	0.0690807407552	4.77327401308	0.241253493804	1.62199907163
9a30dee8-962a-49db-a85a-c39515c91b68	26.7703615972	0.0801791307489	2.3564061278	0.714682326977	0.1178889881609999
eb7c3b35-7a5e-4621-b31f-9775c51f9a23	3.56168958812	0.130608016184	0.694343674357	2.18512307041	0.112441892934
20c6be4d-7baf-4ea0-93e2-a5212f2e9b9c	44.4470594797	0.121878406031	49.59298368140001	1.30356814119	0.4518322624600001
502e8d02-2953-4514-a2e1-6179dd94da73	61.267768653000005	0.279486781154	22.6875571378	2.60265688181	1.39543045648
da274941-3edd-420b-9262-bbd959923c67	43.1256419596	0.459787237643	7.570240559330001	9.13324684078	1.0122765378799998
6b06281b-d3a9-440e-a86c-ee7db003352a	10.1171577588	0.5070612897300001	5.90000164714	2.56043303051	0.708910361302
4d71dd15-cd01-4dae-ad70-6dc325140207	47.1159098333	0.151394936393	1.6131434367700002	2.9753828727	0.0464724268132
374ea8df-ecc4-44b0-b519-33efa5078018	15.3630613765	0.11622831014	21.0255474559	0.7287541914579999	0.975418099705
1db60f09-7f5a-4f21-8003-06a6abc781db	25.6486908215	0.1642511621979999	3.04808897875	5.01160876755	0.6219438022529999
8fe44099-b313-4bfd-a94a-27e72f2a818c	24.2163737681	0.0714510791892	2.56598747404	0.989956690435	0.306119993765
f1cb3d48-1415-408d-89d1-dfdcc5924963	15.4367986078	0.5084420173349999	5.88343178109	12.7474332671	0.383414635326
70fe08bd-a0b4-4a88-b82e-813b176f8e40	16.174765861500003	0.2479308957079999	4.0187015238	5.73458615762	0.954949450983
31872f6a-d225-4f91-b38d-4505d19e406c	13.9509718846	0.67269679159	73.0327235631	3.99979535574	0.7164620463439999
3bc8a74f-49bd-46b6-a3a4-68ca838e83c6	47.6920209186	0.8301339405660001	17.0437996821	8.9472593388	1.02112170371
fd4740db-76a8-4362-be71-7b609479bb67	11.0772914263	1.0083631807200002	6.71981711136	15.5531113025	2.2347494683
0ba7b6cc-e5f5-47d7-859a-24e31aa336ab	24.779066580300004	0.673506223965	8.399423594489999	10.4309758866	1.082226148
91a17d40-c8cb-4cce-b306-966382a8fe4a	18.8515521419	0.0403455846160999	2.03267534149	1.07684252339	0.0786782785711
bc2591b0-65d7-48c3-a5cc-783f67b65869	19.8105349689	0.6323959883020001	6.503542621319999	9.5908937124	1.86372140206
602e2934-223a-44db-8c33-06eb05d72f94	35.8972925749	0.109774232751	69.62805692	1.23743901952	0.2109841219819999
bc3e0b74-ea09-46a5-9f61-16bd15ffd883	17.0289346413	0.218462980326	2.57671336268	1.80692485918	0.0347014127368
91de8a74-a1e6-46b6-a06e-70aedf2c3eaf	49.4167072241	0.702974346055	9.36492985653	5.794746010619999	1.22672159509
15170c7f-5880-4fb6-82ce-68d3df0dfb68	35.8412867939	0.296130176068	13.1518515906	2.26607596461	4.0313575679
9d25cd0e-0a3e-4ee0-b1a3-58ffab348c9d	40.5195411362	0.1709416544999999	8.620644183360001	0.977143231609	0.161062391044
3fc8f799-5bd3-4f48-baf0-c458ce86ab7e	50.831225054700006	0.107871493701	1.63696960149	0.67548501891	0.057025611971
d3dd5e69-9752-4b50-9b1f-814afbc2c3dd	6.972162815	0.151215823469	0.131504534201	4.18509883678	0.0559912602886999
85bb4987-51e7-40fe-ad59-2aa56754eca9	49.3643626151	0.362167027331	43.8622253808	4.86522004985	1.40426978514
f4d95c8e-fb84-46ca-acc0-827015cc9d0a	12.5082488951	0.114693221607	1.31327924624	1.47497055245	0.0358436310624
4e6f88de-7624-4719-8234-4c9e5b2e2988	12.315495052	0.0485829238714	0.888858204026	3.07274131169	0.0686536131386
2a924999-1fbf-470a-97bd-fd2276a9a366	44.570954371800006	0.1845793137709999	76.1763388006	1.21296253468	0.353796752374
0724f800-e873-45d0-bc56-809d0ec4f6e9	5.733923062790001	0.685752662206	2.43281441722	15.5577492718	0.890575701743
12581634-eebb-4841-8498-71dc9d78c546	15.189924142	0.207319555965	0.8647722398109999	1.44239059458	0.0649760922656
7ab3765f-910a-41c9-86cc-08534d2a4e4b	67.1518131664	0.00691307408756	30.5071930976	0.237732941461	0.0337031160918
c9226204-cb61-40b8-8a94-a7e71c14ea3a	5.640273360119999	0.199817762787	0.164236641072	2.02558041962	0.0868068651623
74dcdfb4-a637-4111-9a22-4b4bc7bbc8f7	10.6770268723	0.253875649533	8.16564281602	1.0775644734999998	0.16688262869
fef1696c-a8f4-4db6-8615-e486522baaaa	16.3958302741	0.321815430652	1.3861708333000002	0.2217553919179999	0.0196732004726
3445c524-5a37-40b6-8614-956d76eed939	20.5389012901	0.508243703751	59.0050251617	15.4057012354	1.21104392124
20cf00ea-d7da-42bb-bce7-f005f0b952eb	15.8703018394	0.479930732717	7.156992496769999	3.27259796875	0.276664693035
20336269-5a5b-4ba7-8fe8-665a1f9af738	40.6993995981	0.6861962039480001	25.5843561773	7.465686975210001	0.948427844293
7ebc776e-bde1-4563-adb1-8bd441872733	11.6215471426	0.102070516822	13.5070776249	1.07906783441	0.0350627633616999
460616ec-f66f-483b-88c1-757edd86261d	16.0345598525	0.0927691349661	28.0431479515	2.4191048312	1.04525722368
8e107f4b-1912-4d3e-814a-b863e2d65ed7	15.7339425363	0.269303915775	5.91157853487	3.60933944746	0.369467688852
0a2d29de-869a-4dc8-ad11-6ee0d0a3a895	16.0024349172	0.113709147443	1.19351030142	2.3932849161400003	0.0534911681542
acb7ec56-8a47-495f-a11b-2c9fb5d8fe95	8.581215089	0.124356883682	1.32572951741	0.310012382912	0.1811852212909999
5ed14506-f69a-4da8-9965-72d3270b9f72	15.3995078505	1.0806348435100002	8.10986755483	10.9619082743	3.10206830086
a09f0626-002a-48fd-8b2d-c66b8285cf23	5.4379556991	0.853393629543	2.58537665915	12.9507098501	1.04237800748
7d03ddb6-f3fe-4b50-8bba-514aa65e7d0e	19.991157456	0.0417147053011	4.6954563272000005	0.8303520962469999	0.0520531719016
7ca97692-0bf5-4bbd-81ce-10a051d04bd5	16.9804482021	0.0284490687681999	0.295212949618	0.272723909578	0.0288951972034
22178c3c-6b04-46d8-8041-dc83fa195029	28.3289474338	0.576459164602	10.8983289136	5.27329929694	0.927225273553
4160e048-f0b0-40f5-805b-e277a5893a3b	31.0066799883	0.0571786618841	4.36477697799	0.579421989174	0.0564810934288
f64ebc7f-0e5a-42b4-af57-6cdb90d24f90	39.0082206771	0.121051283035	8.295613500910001	1.63144441087	0.5107591663100001
62efb5ae-43dc-4a4c-a898-6cd9c6dba027	31.5904638434	0.233957027342	41.5642197773	5.26937238182	0.378733417575
86b513ba-df09-485d-92d4-fb9e888f7350	15.959658545999998	0.321824064833	10.5975603413	3.20804884684	1.27321811627
c7cf6755-8856-435b-a443-174b22a25b07	3.53301022169	0.025437150851	0.12621468638	0.5806851474229999	0.0151571478276
e5a329ec-e50e-4786-901d-b58474f8ea65	79.48888343680001	0.0383430727631999	14.2776515948	0.202281498733	0.7527165038670001
99a61986-7b23-46b5-99a4-efba6bad3766	37.4533424868	0.2653866352439999	76.8577304485	1.4437022444499998	0.35350601504
b1c90c69-6149-4105-8182-ab9212f196be	40.503948302800005	0.140617167256	43.6514020561	2.22844270594	0.130829566654
b923ac70-70ea-4a82-8466-46350c5803bf	13.6058481705	0.035588404507	0.164940565268	0.715234507569	0.1211768029979999
85a85a11-7200-4e96-97af-6ba26d680d59	29.7532612392	0.0599228434825999	5.36737318307	1.41445138918	0.185336228741
561968ce-da9a-4d69-8bc2-bc87b9550f93	2.3626693114200004	0.516057101538	2.03522749752	3.74726777613	0.844221195941
ea605be2-6578-4e01-8ec3-bbd84c0b7f1d	19.3059013243	0.214822912933	29.752177696	1.7265821529299998	0.241135559969
a5030259-cf9c-4a58-8710-b9da8ee59320	30.0599565442	0.0369660992935	1.97087574687	0.4491715167989999	0.0563186832737
fdf83fdf-dfbb-4306-9a1b-b4487d18b402	64.3680088287	0.355983548374	20.9890870852	1.94307299398	1.04620279476
3768d34f-1527-40db-b116-cd80cee5ec3a	38.0960495959	0.077975906296	0.916348706119	0.912144660862	0.9003641392030001
4eac2c98-86d2-4ee6-a1d3-157d013c78dc	39.7783824918	0.565694307045	34.5195577284	0.7219595522390001	0.080924694237
40635bf3-d8ba-4833-b623-547e55e5d07e	6.6074718783	0.0428269842492	14.5521630032	0.877596641198	0.172254385398
7472b3ba-9b15-4d97-8708-a2dd82ca0f45	25.5138393691	0.326295217488	1.6238097071000002	3.62546881731	0.946308914568
6264e699-d40b-4ebc-b443-0a0edcb220dc	33.1003261676	0.296417818436	9.066142441639998	2.07834713569	0.307550641393
0aa020cb-69d2-4235-a609-c279a133d8bb	31.5978238872	0.608332497783	6.661642810599999	9.08590163725	2.44560271278
2ab32e11-80d6-4ed0-a42e-da612219bbdd	24.295993262	0.260383929098	1.26305239125	1.61867351025	0.7914199403899999
e07a61e2-bcd2-4a96-80df-97e04aafbd32	28.6318515764	0.1112211053	1.14737145868	0.278308624291	0.0477437979078
1aea3c25-d2bc-4ff5-bc27-32e939944e9d	37.6032078828	0.1037563969999999	66.0125309089	1.44823330413	0.920199481218
ea6405c4-0fe4-4f37-bef2-275072f91e39	20.3467729285	0.0299335960522	2.74651467205	1.2128497397799998	1.0829870173799998
9ec86cbd-8c74-4697-90da-529ab91ab835	24.810309005	0.147305169158	6.57167014663	1.2141984736700002	0.126886734888
446ce2a3-d328-443c-a419-3344baad0e16	16.4572317249	0.125837025518	2.31341267712	2.01070905539	0.6839274275239999
e732f81c-9b7d-44bd-a905-ff53fbed5009	49.5781493807	1.00714489264	95.9354004405	8.43035515862	2.06927348776
27920e1e-b9ab-4587-970a-0cba7025becb	11.242117793299998	0.588748923093	1.05747294765	3.09921829607	0.5027734479689999
f007fa7a-7da9-4cb0-8aea-623af1a122c5	8.71335253817	0.0764357180275	1.3284541741299998	1.55216108965	0.246211816211
60014a6e-6a13-4f92-bbfd-eeeee9632f98	12.419558385799998	0.1525649932909999	2.88950813661	0.6421211523979999	0.076389842024
635f5335-b008-428e-b005-615776a6643f	15.2286102131	0.0502478183668	0.447007244238	1.33071559692	0.0452255591517
565d06a1-3640-4274-8fb3-8cad7e578876	12.4809721722	0.186372764239	4.91756160866	3.61781453991	0.41809592105
23d32627-9fd2-4312-bcda-ee7409e3983f	46.1117149644	0.0143658455074999	75.9908252813	0.8074696682439999	3.08942768518
7e4e7914-ec23-4c55-98d6-3c5eecffa8e4	19.4819012868	0.4736572022429999	1.16871064421	8.30599887183	6.01404757319
66face4a-f35c-4364-90e5-8f28e6372606	7.98548220128	0.821274479381	1.53365495528	1.17713888438	0.245431449534
93095c36-2263-438f-a619-a4a4d6ae13c7	33.1891320496	0.295166375554	85.8006774271	0.677806117765	1.6120939147799995
32d4d200-1fdf-44ed-b81f-1954a9c93926	69.59008841859999	0.0531273796616999	39.9013434243	1.31558647866	0.158577810066
b1e11e94-646b-4c44-9d33-1ca67d8356fb	21.2110418202	0.1920007207	5.2939358072400005	0.840342565184	0.159753510461
0f4a4ad1-e394-45c4-9aa9-aadf2bff0628	3.42742056189	0.8821973684700001	2.57279525707	0.2235599099819999	0.015144197439
34f285ab-6c31-4865-a0a7-a57af3567df0	61.3581203363	0.0129819133792999	19.2870320837	0.2430864695129999	1.56819442541
46395c3d-5e51-477f-946e-e58b87cc7baa	11.4345825995	0.960134273679	3.2932801819	14.3169506454	1.3744555372799998
05019013-7ea5-4905-ac79-901146ba2ee2	46.0400884365	0.1872397095	8.228382170689999	2.32756498972	2.28316049921
c9e58844-9d61-44a2-aee6-1760bc19711b	24.745081778400003	0.21144106548	0.900805971685	1.63845653516	0.437389564704
42ebd30b-175e-4ece-a806-e55cb7e40e96	26.9990389683	0.516305190655	0.895056057253	0.590401241042	2.11788904229
ceb19678-b453-4529-b6cb-d02f9cb101b4	11.4854108195	0.113182332459	3.27507949641	0.229141886004	0.251520854112
563853a2-9ac2-48be-adf3-1e547ee2b274	80.7461484202	0.096124448801	113.778228139	1.3830302558	0.227215916422
b4b49027-7815-4813-9769-a3fe3a26a37a	8.570516022160001	0.0287490574225	6.15898631967	1.19685137557	0.0994680129859
619b14f3-b8cc-4c0a-8304-6719853d592a	20.2070908109	0.5604387048839999	8.594501398119998	1.38225509968	0.933126198104
dce71741-ccbe-40b7-a0b8-2048d07187a4	20.1564447082	0.675128576943	8.064960033239998	4.60341147586	0.4777403952489999
e9b5336e-d724-4e7d-8c81-1147abd0a80d	4.54053321976	0.22211727584	0.274280025527	0.373366008241	0.182249768805
a8c4a333-6b67-44c8-9000-516f8ccea788	20.6915146331	2.3279755841900003	18.2889107271	4.625792399140001	0.929364672738
56a30462-2819-4c18-95be-8e73880a4921	78.3959879191	0.113299969403	14.1655208664	0.760013931233	0.287853830484
c8acee1b-6854-409b-86ab-bf69dbe22ab6	3.15680431543	0.1214754657829999	0.324890725215	0.529279051496	0.113834181051
5201ee13-2aed-4641-9169-4d5ee07a23da	18.6889668736	0.0522406136638	6.73615451778	0.501989196893	0.0126710048618999
a36a4440-15ef-4837-904b-380a964d16f1	5.48356922226	0.184096437034	0.318766405697	1.46340002379	0.970489314405
7016714b-6af8-45dd-8341-1493927e5515	19.5340717439	0.759469101964	3.67411399996	0.188291102818	0.138827027314
ac2e88ff-8b1e-4691-9a96-5a581f98d827	8.29704344782	2.37171877426	7.12308553704	1.88829452191	0.455852440434
1cc02c64-a34e-46ae-9bc7-5d50f2fefb31	26.8370451828	0.029310081544	1.58090506345	0.2396271592309999	0.8022153992899999
6209e80d-a115-4f8e-bf0d-18461401a1c6	2.9396997504900004	0.249290841691	0.177174069481	1.52846396118	0.298950779208
1e14f098-17b2-4f54-8e4f-e38088008df7	8.26099937338	0.708416212355	3.52494663212	4.76492826016	0.7775394356380001
78777a80-cc6c-46c9-a14a-837ac7943719	7.99664401378	0.51520681538	4.0458436587	3.13206273101	0.674916950587
0de910b1-edaf-47e4-a265-727ee12ac1c3	18.5940096651	0.0522771123931	2.60986119036	0.350357319927	0.0543712296436999
384170fc-e8be-426a-a54e-bf1ca61f2986	10.4047545765	0.140193380585	3.73345810273	1.1755983725	0.262346186385
9fb1ba57-2007-4477-b000-2d36f163efd2	2.87237406959	0.03449614905	0.2172464230519999	0.57629150162	0.0896949905973
02d9aa2e-b16a-48ea-a420-5daed9fd51a6	8.374365705639999	0.907718437077	8.744946669800001	10.1037272852	1.28877822094
88180134-710f-46ea-9b06-5e5d860d6d9f	5.243862854840001	0.0902071333882	0.479996843346	0.933125278925	0.148319412954
a6aad7f9-8444-4c2f-8e4b-b19fd453544f	29.4175101319	0.206391579219	3.29871555832	2.68343532988	0.758853868332
cbd87697-7708-4b69-9e50-9ee474feabe1	9.10507379918	0.252401351308	5.142990514059999	9.17219613317	0.939849974762
195ecf43-06bd-4ffe-8d8b-a766f3f7179b	10.1463065695	3.99096326156	4.51451876843	4.19280050014	1.48575616174
9e18238f-ae85-4b75-ae87-d92da9731a40	117.722254062	0.337742543676	7.98353974098	7.44443938548	0.460142049243
611600a6-43ec-4029-9682-cd6d6a3312ec	18.2257349281	0.301243841946	2.14380113172	3.37625579931	1.27993698983
79e6e31c-22a1-481c-903b-ab5499cbd450	77.9572684924	0.124506767354	22.072310156	1.8622419527	0.506732243937
b6b607cd-67b8-4c04-a212-a4e8c0743f05	13.0540532571	0.365569270961	20.621073007	3.4831083965800005	1.21318043454
ae914f23-87b9-4169-a7f7-a3483078c902	15.5130006818	0.453157836941	32.6920771262	8.08807641849	1.12941729415
9e48a4b1-6917-4625-9d78-e4832eb816a5	18.7463670877	0.565783708402	24.4982645229	8.3577733812	1.29675904835
662d77d1-1a43-427a-813b-e11edd30868e	16.7074661598	1.7357422554400004	5.75128066768	28.9721903473	2.95918898956
2ebb738c-4829-4720-931a-96c0fd117e2a	10.0813824865	6.07902081794	0.937017401737	5.495425310980001	0.994228653019
499a9b57-ee1a-4012-bbab-c6ad955b5e0a	30.1906298793	0.0459256137503	16.416427807999998	0.613187171098	0.327238250885
3b81ec7c-0934-4649-9231-9919dd26dd15	76.9925395784	0.102163223261	10.3906314717	1.70681923248	1.6351320349
0d5e232d-5aa2-4f6f-be58-ffd5f15ee0b8	16.3545387574	0.210868876897	0.342265226792	2.29902738749	0.309119494169
7a08efd0-f984-430e-a8eb-1881047214b6	3.84243893049	9.64959258979	0.226920465998	4.922557390400001	0.488452199592
33d36b64-4688-40a7-9a4f-7cd3d4cc683d	37.3630514396	0.4857979720279999	9.41833186539	10.4405284747	2.50018402841
1d0225b5-f515-4197-bba7-3dc17e502b88	45.3772096639	1.37385842589	16.107145702	3.23647647805	1.1626601422299998
8628f1b2-3763-4ba9-a375-083874bb18f2	20.579867458	0.102278779833	0.94870556448	0.84662576134	0.0966350513541
2cb50c2d-e749-4172-b101-d975507435c5	15.7671579461	0.045472132521	0.271414395092	1.29397653621	0.034589774853
cddce77f-21e6-4124-9f03-96fb5ca7cefa	14.198748156	0.0454160895902	5.5098501537	0.204945160093	1.38121276671
3f917550-89a6-404b-94df-938c99121411	26.314295345900003	0.878919373438	44.92601861520001	14.4129350675	1.58366207664
ba68f2cf-9271-41fd-9655-1fac7681f588	14.0983188575	0.0532061867306999	0.592539016482	0.816017327932	0.143318493648
1d9893c8-0de3-4b07-b0ba-a53019b23eb4	3.39229600941	1.04316544967	0.5797146966219999	5.04866843456	0.8795825010430001
0484a929-7a7f-4926-8d25-470ddab082ec	61.1237356423	0.027557970825	17.3925529218	0.484613189883	0.367701857506
2dfd8a0e-e642-49b3-abd7-f0334927eebb	12.1252085059	0.160662779517	25.4938799451	1.92615898465	0.199847876092
d2c0d320-d1c5-4eed-af4f-15540e60db0b	17.4284071361	0.185585471008	3.02625811881	1.58402586939	0.5372129104
71faa2c1-0d5b-4dcc-bdf9-f2405f29907c	35.321193419400004	0.7719507633580001	13.2695894528	9.31251363247	0.630342488204
79fd602b-3e8e-4353-aa78-4f5f170b607d	12.2483895984	0.416838717741	3.24848305647	6.985621508189999	0.604902966971
867f9563-16c9-45a8-b519-6df61ba1b6b7	45.6412135639	0.287891743327	4.84168374877	2.27219907605	0.271829617872
0a48873a-092a-4b25-822b-b0b3c18c08a8	20.7275402568	0.3879474227009999	3.38642084723	3.56073498435	0.7203493230529999
5abb6d80-fc39-49a4-8db5-3db24543feb6	8.87017096143	0.258448891956	0.699650882303	6.797963370090001	0.978217562503
f3618472-32dc-4c90-a407-90050f68be85	28.8218208888	0.0713807928886999	1.80538170478	0.519047485777	0.0161519347674
cd6e5d3d-1c86-40dd-9cb3-b2e2075dec56	27.2442749636	0.200821810448	7.196939651389999	0.5499099615990001	0.171021862331
8cad4217-5699-4735-9be3-fc0015a8d262	22.7066730121	0.156317969867	1.70786082259	1.96621784354	0.541932523815
5495b18a-10ec-427b-83b8-03ef4b587b13	7.4020773838	0.0744430527866999	0.0380535769377	1.50909911615	0.0432059673923
b25570ed-baca-4e3f-87c6-2ef18119ba49	18.0748509283	0.640679946205	40.9313580592	2.65922491834	1.82602083397
5c159ab5-8475-4d93-89b8-b6befed4a5b3	14.3993578634	1.4236300035299998	9.09125867007	9.64353546887	0.400533236908
2b14123b-8fcd-402c-9399-4e7c47f20252	35.4785442709	0.808480889189	2.1596213435900005	1.4313945216	0.317717360029
44e840c9-ea54-4dba-9b2a-264ef1f2c304	30.1409712408	0.109917938046	17.9792642625	1.3365452401	0.121052745918
80f85c54-e12f-4afa-8fa5-5f3e083b6f95	12.6043416071	0.0207994088906	0.238160822823	0.6756443222040001	0.032110878577
242da7d0-8c6a-4395-9a0d-aa36e7c25ce6	19.8161636568	0.2436277266629999	3.4722842019199995	2.08531758738	0.4102706310239999
21966708-4e66-4211-add0-f1515b09e362	60.6709495068	0.13087342012	104.366296426	1.9308368085	0.439232852671
6485b68f-caa7-45cd-9bc5-78c2add8191d	9.75792960151	0.0211567284803	0.552335158577	0.431573227946	0.0178784328011
94bd4c68-4bfc-4db3-9365-97c867747133	16.9543655151	0.429999451141	19.4648322351	4.42215805979	0.829228528216
cbcf6922-a3c0-43a1-826e-642918b0a635	26.569684196	0.494093254856	4.59234888935	0.781240480556	0.907069042064
cf1e86ec-4bcb-403c-831b-d67bddef14eb	17.3922214153	0.170242377413	0.724343934685	0.2999204056789999	0.0574483781934
4ea50685-3b63-440a-b037-597ef2529e7d	6.42358772106	0.163681927113	13.5026194577	2.81703474303	0.182350808644
933dbfbd-4697-403e-bd73-c17cb300c94b	4.48984459595	0.101813021474	0.557554730132	2.44558965418	0.0935182632214999
5503b3a1-7d03-41b2-9ec8-e478c5414d67	12.0523900381	1.06448283952	20.6324118358	12.5904981848	2.62444688751
4ca9c0e8-75a7-4665-9d88-6dd2bb44b1e1	69.9855290498	0.0176230238134	13.9713061365	0.413206513635	0.0165804801352
42b3dfa3-152f-4ab7-ac9f-988c7f473bea	28.6524863727	0.703465204981	48.2233344057	5.71382984905	0.702808365927
48e66676-dbed-48a4-9a7f-a6d247b15c17	32.6495912483	0.0695832100762	7.755064000189999	0.4815236573849999	0.1978882916
16829472-5666-4fba-9bf9-360ec1689aa0	30.1546410908	0.283875793833	46.0729101353	3.04499608186	0.117221645962
7d82ce56-32eb-4107-aa5c-c568764805c9	18.580702352	0.86404073786	42.5646702169	13.3744506383	1.5869993533700002
16ced1b8-64d5-4498-82df-4d37bfe5b310	47.0675567823	0.263437731099	26.2135370985	1.84006663271	0.27260007981
7fd6ab8a-201e-431d-a886-6ab553b6ca36	91.1300841062	0.00385460645105	1.17513832369	0.329506196506	0.0469806366396
f5033d52-ec36-4e67-88d8-b6d898b81b2f	20.397524711400003	0.0236468138821	1.17782622391	0.54674549885	0.0755754915318
09820a33-80b1-42d0-8366-a0ddaf94b122	6.72513990862	0.1067536337879999	0.5406627993299999	1.0068355223899998	0.293588868913
914d8613-3c25-4a10-be50-28b42f4d3a5d	26.5800605211	0.0446544000764	5.83460584345	0.94424825597	0.206414073856
df53c3c0-3605-4d2b-bdc7-96d9beab27ea	26.1304559533	0.0771599344203999	12.5263664609	0.415239527675	0.0637585869284
5d603bba-62e6-48fb-b8fc-401109abcaee	5.10828917324	0.429598950148	0.137660394603	0.350793812839	0.0520997936685
2ae65a06-df0f-4de1-a536-537cae0cc260	23.8097564319	0.143725285574	9.85392447577	3.64901585774	0.240775463299
1fe19c6b-71d0-4b07-923b-74ea32210db0	10.121061902	0.0253292330214	1.18428492956	0.910087213971	0.0411622996380999
08c64000-d320-4e4d-974b-da503d48890c	40.7954060525	0.495544888949	106.487779953	1.12585583864	0.703129724641
28ed2d42-5b4c-4bca-b2b2-6b2a6d3c42cf	32.786868116	1.0006841139700002	36.8111083898	4.320654963419999	0.478982026557
808eb134-9c7d-43bb-b86c-2f3259193954	42.5246568605	0.860974539558	32.0070280031	15.2258610506	1.85357690009
a9d3a7b0-faf8-4e56-8600-d9e6882a4f23	30.1455922821	0.459392100816	30.8822296177	10.5931503543	1.29061099074
1d192835-524e-429d-bf74-3c4727acb446	12.957460218	0.0497229122939	1.45657555245	0.357042065136	0.101005299538
52386f66-2877-4c75-894e-5c1dc03e6ef4	18.6663290602	0.935933550063	2.87492081854	11.5483994199	1.7705263532
29d26e7e-f4ae-4476-9a3f-27d5ec2ccb8a	19.0511495097	0.0326260364829	0.246223198323	0.6085081737479999	0.0602503030508
45baebac-32ae-4093-9eba-488b95c1a58d	15.4050264444	0.5948108175600001	19.3711307708	6.881711865160001	0.941793888494
04ecaf38-0232-4dcd-9242-308a22cc1331	13.4011900835	0.453788408671	2.82236313265	2.06970502078	0.462188417917
263e85e2-7b6f-453f-8fd0-e5ea1409fece	15.1988040677	0.0586136972253	2.36360896662	1.59838648157	0.169798061442
49d2c0cf-a3f3-4519-a755-0a5f769df2ea	44.8623672858	0.327498410805	15.1245432563	10.9005576086	1.30284904451
f9c835db-2ab6-4bf5-826f-48723493c0ec	8.032748934099999	0.342618124653	4.81292909325	8.226305162100001	0.7284261550460001
15556b28-c6bd-455a-87b6-4b7b3e33d0e4	0.804098281807	0.0419810347930999	0.18488391151	0.583656067413	0.0962119046397
5ced5b58-fab4-4bcd-b706-d6e49ce0cfc5	24.532487585300004	0.179336992353	11.706815089	6.35202364715	0.474302472502
17181157-c9e2-4bd6-8653-f5dce56f9053	4.68692207572	0.0646870615779	0.295202720953	0.524805580066	0.0213291701605
0d23fa5b-95f8-4626-a4d2-c72ad3cc553b	13.6935666525	0.0324646869282	2.36315669458	0.363985812644	0.10300382954
a6eb0cd0-fe57-41b0-8593-776208684293	30.131111948	0.204596188728	11.4393592901	3.92250110825	0.4291680718739999
3491d67a-4f83-4f67-8085-bbb9fe942be5	35.5044851685	0.0557951664262	7.54308118763	2.28939830482	0.288502464146
8e1b8811-1eb2-4337-852c-c19eaa0ee418	24.3705234462	0.0946793170098999	17.3108323696	1.58141109464	0.143935861264
b46263ab-c3ca-4fda-a895-74c7e6e6fe22	13.835956821099998	0.310722777702	1.4596468542200003	6.47445011161	0.838998298004
3018efe7-13a1-47ae-a726-8fc967c73841	3.42891790003	0.237723768055	0.383875166052	2.03066305066	0.595993523364
186d40cd-624c-4016-a497-b30c892d393c	29.6688211167	0.421338280857	5.26647110793	12.2760165502	0.744253150835
feda41d8-ca56-425d-b149-4d5485328107	70.9188574077	0.0760274508663999	137.323568371	1.7219802645700002	0.146244631702
8ac6ce06-ab50-4ab4-a469-9f8bf01be963	25.0101681352	0.0191551391730999	1.58813581061	0.1822857776089999	0.00922335925374
63a75e0b-9241-4f0e-9236-01a2e2c05b7e	21.9091260981	0.279747998441	6.42294478611	2.25826170268	0.314013013479
0e475b3d-be3c-431a-ab12-5a867ea8f6cd	53.9852049806	0.4526991217459999	47.617698455	2.38188572704	0.549754352984
94769f2c-b6fd-48ec-af34-b41165340b7c	14.4768832047	0.289204156846	3.15747020788	2.66441839352	1.32797513588
c435627c-159d-4a6d-a819-30abac24bf4d	5.68540816664	0.033239307288	0.243162516399	0.779361046413	0.13354174924
b520aae5-65a6-4b27-bc2a-10b02c7b1aeb	16.0037604557	0.238671990035	0.866225798506	2.40528323607	1.39330770035
01ea6354-137b-47f3-9021-a01a382b1147	12.2251778777	0.466577166901	3.94785585308	7.42501901376	1.74788806687
b0839f46-8c82-4619-be3d-c857a1759463	58.3077034152	0.3880091747349999	26.6195196615	7.025582551369999	0.851394915037
0f530b3e-5b6d-4892-9ebd-9138d76fdca7	65.3392233833	0.2636022313509999	2.69044390343	1.03298166934	0.140803753182
15fc17cd-d073-4f81-a4a2-2db3cb9d7069	18.2061941651	0.469865226054	1.59280114796	1.5534817869600002	0.130611270855
644a88a7-dc56-468a-af5c-60278aab7642	28.6317697707	0.189611438039	0.687650159591	0.8068914601389999	0.252210776049
818dc159-aba4-46bc-a4ed-68ee0f8c4461	9.05631009778	2.47731637224	2.1090735027000003	23.6904212731	4.34232134068
7e34d3c1-1fab-4326-9a69-4260d2bac558	7.10580852773	0.0562425309642	2.98108522944	0.3279067674199999	0.0294836164332999
1c0318d9-0472-4840-add4-46bb9f914a30	8.14429115724	0.339540155341	1.01596307551	14.9463385193	0.8015620829369999
d73a0a33-e4e8-44bd-9580-2038ab06583a	55.1038893938	0.3319305650169999	1.83758830039	2.75980468004	0.954104395979
48f831b0-5d91-44ae-bc4e-db57ca84fe46	82.8725117406	0.337878911361	10.0686211059	4.28298210549	0.8426383861579999
ce871097-a6e9-4139-897e-642ee24ee123	32.2062317244	0.685821616373	23.0902260812	6.21416585275	2.58999782903
242943fe-1fa0-4a12-8f7e-9c6c4af1194d	2.6718440239700003	0.0332084725743	0.798523174797	0.442525967396	0.0345387380021
26558703-a659-43f2-86cb-0695989bc14e	67.7103130947	0.0826711038484	32.1238146829	1.28270495511	0.197910549878
955c80be-53df-4565-9303-a7abf96a2f81	7.704620333919999	0.921010613906	1.19875473452	4.58049505585	1.43111888435
9c744ff8-1cde-4176-b6d7-0ab62bf42620	28.307467181	0.0421395993339	10.8688693406	0.829252832854	0.122985690688
4261267c-7042-4c6e-83ed-12fb401003fc	37.991524246	0.623553911774	40.1509700503	8.37650952477	1.7918498597
09c77947-a333-4392-b18d-a6c1f08764a1	32.8872249523	0.1733545428139999	24.578902620900003	3.01101698679	0.357014436003
72c40fba-f502-489b-ad87-843f52655894	34.5739410637	0.00964843567674	0.8631102330120001	0.5702795125419999	6.25027359836
b120b701-c194-43d7-a491-3206fac38ec1	23.7401142438	1.2166202185	6.6243296142400006	13.6238559018	2.43981300279
eeb9d147-608d-4692-8adf-2f601d23a8ff	48.8603414059	0.188454133337	15.7655493684	5.519046380240001	0.665460737688
931738a7-4b5b-46dc-b69f-72600862d8af	15.9758900046	0.0641076879711999	15.9875741445	0.656874232541	0.125265014357
6cf9f872-2e59-45cf-bb5e-ebd7fa1b3caf	1.3413225997799998	0.232944930601	0.0137489921226	1.32557854549	0.101468786783
ad2b1a0a-153f-483d-b228-5763eba3f6cc	28.3344784147	0.551685647136	9.95108744624	5.0068934688	0.906810500711
9bf16a89-2fc7-4c08-93bc-3105eec5c3cc	15.3926764215	0.136051466105	5.99009751985	2.17136067685	1.13678544764
13f5814c-1f99-4ffa-84a4-3bbd8979faae	4.58688298022	0.215795815807	3.27528357274	1.6953703207700002	0.180823377067
a9abe7a7-4126-414b-87d2-a6d25abcf1fa	14.4562684706	0.123405733957	0.98912848468	1.80360911745	0.1791539834319999
c3f9ee36-d34f-472b-ac7f-801a0d400aa4	59.2478277867	1.01865720805	8.94090216619	2.86000680874	0.879914243899
6d10d4ee-6331-4bba-93bc-a7b64cc0b22a	9.42540372743	0.981245709959	3.64855665846	2.12033559122	1.11965853261
4c18d9cf-4af4-4a86-8b1c-f78795fbbd7e	11.5722722668	0.694381295588	4.002351126090001	3.18540669791	1.12461597774
e9483296-cb91-497a-b955-39a3c3289dac	5.86815666211	0.271428703696	1.6659773358	2.2002291448	0.0622568276924
3ac45a71-c463-4f0f-b030-58c475a34418	95.1637344489	0.653478031354	145.68934203799998	0.901944711976	0.5453313426690001
3ac45a71-c463-4f0f-b030-58c475a34418	43.050263628500005	0.479737561212	7.907209068110001	1.99242823013	0.389808511485
8652ddee-98f4-4584-b450-e6f2f5c9d7ec	12.6481479389	0.0524140636954	1.8004804756	1.2722793881	0.771512533959
5f60bc2d-738f-43fc-a3fb-61ec6e80e3d4	130.697942853	0.0179661346229	22.1739149843	0.570005831141	0.0109487239911
95e58015-a7c0-4bdc-bf64-7617d24d0784	8.0928498321	0.422547132469	0.386036080935	4.92122716361	0.444148781347
eec69ea9-ceb8-456a-aff4-41fb8a261e36	53.337535437700005	0.48356489367	47.3324959979	3.37229699033	1.00430593288
077079c3-6877-467b-b9cc-5c650aae4f07	17.9364493994	1.69436533605	22.6998478404	3.23590848747	0.0449658533885999
75f2d97a-b96c-403f-8055-5c5c8083e856	35.1057836563	0.0266231218939	1.59350514307	0.7566442967829999	0.0275322640352
c0c3caab-9277-4a31-a96c-c607e38d5ccc	3.3994772338300003	0.1696222058989999	0.0994803888598999	3.17280949117	0.6319813962290001
67f526f1-def5-43b4-bc89-154baae190fc	85.1668802732	0.188192428088	9.77244514682	3.02503139661	0.341557529469
18e0e996-8f23-4f53-94a5-dde38b550863	2.94333632663	0.614905278806	0.0786353678557	0.653377892778	0.161395224641
f34aa3b6-e966-49c6-bc55-130545772c53	13.8329627071	0.038870016685	1.15719728067	0.504516210211	1.62791157291
f2dcf4cc-609d-4532-a90d-6ae2bbb53365	6.537490845290001	0.16336175214	0.411909049383	0.344002733533	0.0495191481236
34f545ab-d420-4dd2-8db4-3159896efd23	26.4873976031	0.115888647051	7.78947040705	1.32333002449	0.0342417374962
